episode,expected_action,optimal_action,car_time,train_time,time_difference,car_faster,traffic,dist_to_station,dist_to_dest,reward_received
0,0,Car,21.695607359862827,47.34425246243508,25.648645102572253,1,0.4344911872468612,1.944343123481163,7.442790097924137,0.5417478103160033
1,0,Car,44.35139994635774,81.04615992325061,36.694759976892875,1,0.28392030348934433,1.7016458209360685,21.670123886994325,0.4527637091213478
2,0,Car,20.400966833060203,21.799843776041065,1.3988769429808627,1,0.5436585497189178,0.7428266998126118,6.883436229583055,0.0641691269603632
3,0,Car,16.952088952458258,68.3875908683245,51.43550191586624,1,0.27786131277288795,1.474997167394367,6.614178926791742,0.7521174713538555
4,0,Car,32.035667995191105,45.47485195935995,13.439183964168848,1,0.24441188475184092,0.37612592316789417,18.227001963639207,0.29553002121214605
5,0,Car,26.315176072511512,60.7490188587571,34.433842786245584,1,0.49178508458310577,1.5725353383324245,10.942860290345497,0.5668213813675753
6,0,Car,20.409933882561976,24.194734665903532,3.784800783341556,1,0.587794082148029,1.6708194333816004,7.461371662356873,0.15643076213087356
7,0,Car,30.196384559170998,77.57856728704729,47.3821827278763,1,0.6545656537203135,1.7126458457343774,9.596451034332162,0.6107638280113913
8,0,Car,14.962041223064645,30.169429682781708,15.207388459717063,1,0.2540733227609815,1.7572654092032707,6.73395443460033,0.5040661563581436
9,0,Car,34.078765271790616,44.939258238724825,10.86049296693421,1,0.43653122321460863,1.527835446429217,15.798160913389774,0.2416704990821491
10,0,Car,7.947884623423222,26.305976141867433,18.358091518444212,1,0.5543871719392469,1.569623114626165,2.1519226156063027,0.6978677171848522
11,0,Car,26.807321009028843,74.14394826234133,47.336627253312486,1,0.2981260141061583,1.9757780282123156,9.20207376017105,0.6384422243852284
12,0,Car,9.68489504822453,89.19983252262642,79.51493747440189,1,0.6397357719861396,0.7718471813240932,2.8901243992415124,0.8914247395501795
13,0,Car,21.553836134717923,124.43241271499008,102.87857658027215,1,0.7942637710241387,0.5223418473494257,4.85006431312222,0.8267827838066071
14,0,Car,74.76135648375119,82.40898577274106,7.647629288989876,1,0.7657776864593403,1.9269822486124535,21.296975218750582,0.09280091506137102
15,0,Car,23.341305001123185,25.926536558437228,2.5852315573140423,1,0.6187966675688852,0.579991778379257,8.40219474350027,0.0997137257993195
16,0,Car,10.794113887509628,30.012235567021314,19.218121679511686,1,0.24492305593015962,1.07887270395344,5.060312239883004,0.6403428907051947
17,0,Car,24.65528273170515,24.852550424255035,0.19726769254988596,1,0.5103085027068877,1.964663675689626,9.542000465336583,0.007937523078410539
18,0,Car,12.764707513083493,56.613406600087174,43.84869908700368,1,0.347951129064411,1.5771293441717629,4.7320670188075455,0.774528538739023
19,0,Car,34.10257658364808,68.84185509578965,34.739278512141574,1,0.669828309703528,1.7560119850854852,8.472289605141738,0.5046243809642227
20,0,Car,23.91191626677115,70.60105258387387,46.689136317102715,1,0.2924731650713618,1.643399776714241,4.538351178004854,0.6613093517499069
21,0,Car,12.003557541805888,20.93653724119055,8.932979699384662,1,0.34893838036512786,1.4053167750372615,4.999083070743982,0.42666939601692655
22,1,Train,24.82281630275828,22.790116177128862,2.032700125629418,0,0.546612568572251,0.2593890457148341,9.483303402730765,-0.08188837643710666
23,0,Car,20.506461965717435,42.605103731763016,22.09864176604558,1,0.21900971823686655,1.8270282909824884,10.748760839101065,0.5186853177303866
24,0,Car,31.889124465267585,73.37246949500377,41.483345029736185,1,0.6861725258533488,1.818002086177829,9.616130718352418,0.5653802484126687
25,0,Car,8.772092235816759,37.96940413549884,29.197311899682084,1,0.35030118381841646,1.1094887892122776,3.9059445710705027,0.7689694522328455
26,0,Car,40.97300286395582,82.11281234583876,41.13980948188294,1,0.6828268402206054,0.3583455601470703,9.64442825861591,0.5010157161419863
27,0,Car,11.69128880630046,17.50333792670723,5.812049120406769,1,0.19903558507780217,1.3881451134370706,6.087213017336992,0.3320537571030114
28,0,Car,40.853316209549064,62.13650560802494,21.283189398475876,1,0.5326440367856863,1.7592026030950363,8.854001730394222,0.342523114073012
29,0,Car,10.61026079714597,87.93087947917536,77.32061868202939,1,0.37731367522175574,1.786316116814504,5.531324841219582,0.8793340762654512
30,0,Car,19.84784737262214,21.72725588509796,1.8794085124758197,1,0.36710778146290546,1.9913992517032453,4.953298325350842,0.08650004042916652
31,0,Car,61.01132369788367,85.42296702957876,24.41164333169509,1,0.6256304946171598,1.5921103046248544,22.06376127234957,0.28577376998907394
32,0,Car,47.72639067369246,67.6110085944226,19.884617920730143,1,0.5699177113158216,1.727750422631643,16.99180947152817,0.2941032582432216
33,0,Car,25.38053494262516,31.143829953238882,5.763295010613721,1,0.5993541985095784,1.7541161323397192,8.983733935830605,0.18505415099128977
34,0,Car,19.827637227483766,102.43040130647839,82.60276407899462,1,0.5021805634285508,1.5462957089523672,8.746207657287815,0.806428199298388
35,0,Car,14.94612498509515,93.01820759781849,78.07208261272334,1,0.5299172019013141,1.701926403802628,5.548190328555907,0.8393204365997085
36,0,Car,40.644913918668145,67.61359398418364,26.968680065515493,1,0.3362818020893248,1.6184000694524328,21.182091238888255,0.39886476189720194
37,0,Car,23.933673316827054,75.0364427413773,51.102769424550246,1,0.7810971971816065,1.801226262908808,6.294477157692763,0.6810393397869683
38,0,Car,29.782878954174723,40.21051811815017,10.427639163975446,1,0.6134834956966873,1.4921736637977918,9.573338331013092,0.25932615773156703
39,0,Car,31.997823460705384,61.8529547749322,29.855131314226817,1,0.3870124429272276,1.5724969239029707,14.679015168177777,0.48267914480176977
40,0,Car,24.94814521099509,30.286766678091876,5.338621467096786,1,0.26351920987081856,1.4628124197416368,14.025033695920586,0.1762691119801346
41,0,Car,6.264899214238857,6.803861803298267,0.5389625890594107,1,0.3454679706386181,0.21249864709241217,2.0160040302272626,0.07921421754894273
42,1,Train,57.8136973876019,55.17439981013006,2.6392975774718366,0,0.7635448125476383,1.9303495837779585,15.676208902914397,-0.0456517693337813
43,1,Train,36.82750441568075,26.929565316843224,9.897939098837526,0,0.7674519212756298,1.8768682468033566,9.578562781241011,-0.2687648608256793
44,0,Car,30.34741030804007,110.20079752755349,79.85338721951342,1,0.29520945260612863,1.4758318736163414,8.157767272428803,0.7246171444407895
45,0,Car,31.555950556346968,60.13411295049009,28.578162394143124,1,0.5143038922707853,1.1686999281805237,12.680681925538169,0.47524044160545337
46,0,Car,12.393507724300132,24.150900367059748,11.757392642759616,1,0.3859333662250384,1.4705146198668682,2.4180428338045172,0.4868304064885271
47,0,Car,36.905147980744694,79.5599204542515,42.6547724735068,1,0.27489689192478317,1.8381452612831888,21.11159407378895,0.5361339255993114
48,0,Car,31.481367289741538,75.43689383526277,43.955526545521224,1,0.5214323749377308,1.8011052499584872,14.064408452109932,0.5826794332427078
49,0,Car,30.35042714548559,95.83049845265339,65.4800713071678,1,0.595107141170616,1.6721690862432832,10.43568182059177,0.6832905219575718
50,0,Car,35.88016602439996,91.81929407392222,55.93912804952226,1,0.7498762272226667,1.7920400296355519,8.60103935082298,0.6092306482392097
51,0,Car,23.70705130794509,49.05614508671697,25.349093778771877,1,0.24800463619703508,1.5780934539901188,10.808344261401452,0.5167363585940572
52,0,Car,73.08824547392842,78.43791248642216,5.3496670124937395,1,0.777302102055193,1.9900746803679537,17.878675799036724,0.0682025673926468
53,0,Car,44.92928605963368,64.62964819743772,19.700362137804035,1,0.6548195877293219,1.606372409403502,8.964195268984563,0.3048192692867709
54,0,Car,12.447867813639338,150.29599372430727,137.84812591066793,1,0.280386835665533,1.8388252237770217,5.314540944013616,0.9171776472201059
55,1,Train,39.96226522727684,37.53491366990721,2.427351557369626,0,0.6809861222661848,1.6595172445323696,8.043768717063346,-0.06074109021509624
56,0,Car,38.587683290919486,64.22515079880776,25.637467507888275,1,0.5728829053298317,1.558454810659663,9.806667581295727,0.3991811181292578
57,0,Car,38.92357554491276,116.79874340558968,77.87516786067692,1,0.5742606664012486,1.8640908874733266,9.205850469358063,0.6667466240647074
58,0,Car,71.7976085031027,123.8589568281176,52.061348325014905,1,0.642889228363138,1.026407485575425,24.836486067414693,0.42032768285996336
59,0,Car,44.17990450045606,137.24831203957987,93.06840753912381,1,0.7273104251558169,1.7350582834372115,14.22014639120733,0.6781023836000591
60,0,Car,35.49655221024651,44.665286265606085,9.168734055359572,1,0.7149772634955266,1.9487204053094747,9.481268188705249,0.20527650938666064
61,0,Car,27.395321635548434,56.299799936040934,28.9044783004925,1,0.426997087314955,1.3080013915433037,11.763016606618153,0.5134028599271981
62,0,Car,36.073635549016316,49.166578615414195,13.09294306639788,1,0.40621137052735967,1.8343922470182399,17.019985263962074,0.2662976240183838
63,0,Car,38.52829450252625,82.83585320762212,44.30755870509587,1,0.21295994889210035,1.7766907274245345,22.257031210649036,0.534883833381207
64,0,Car,9.442325352510139,26.26131571578799,16.81899036327785,1,0.3847892394082565,1.028487826272171,3.7828583384762275,0.6404473616364345
65,0,Car,26.839679661694998,39.59328420746177,12.753604545766773,1,0.49822332999760743,1.718843106663476,9.994231388897818,0.3221153486268063
66,0,Car,42.89186031723107,49.45850673841566,6.566646421184586,1,0.6954673025584576,1.7273338854286906,12.632577366706144,0.13277081849468997
67,0,Car,14.907014209083446,586.7669392767773,571.8599250676939,1,0.36541189167412913,1.9797717833482573,5.225870545283326,0.9745946589501837
68,0,Car,12.64485064634343,31.261803243583966,18.616952597240534,1,0.2278223277205996,1.812327747843197,3.9739028076347753,0.5955175538717971
69,1,Train,52.096266632679814,42.29205711858304,9.804209514096776,0,0.6621147256876944,1.8562259675835928,16.555796710009105,-0.1881940904369264
70,0,Car,8.29534001228691,36.37999441938007,28.084654407093158,1,0.3246708406610744,1.886637787548099,3.8945341416564165,0.7719807233431603
71,0,Car,6.572941605821602,24.47239025980261,17.899448653981008,1,0.2148137153731049,1.7216014307462093,2.5012120320345166,0.7314139920113133
72,0,Car,36.89174633753005,59.72720925418089,22.83546291665084,1,0.5863134594934638,1.8848680632897616,13.294357986705345,0.38232931358754824
73,0,Car,19.817977386149877,115.34548287514771,95.52750548899783,1,0.5825756083845414,1.9743874335381641,6.608108163637961,0.8281859255155986
74,0,Car,13.115448042880484,74.41181275034519,61.296364707464704,1,0.38835646612663854,0.0,6.457231881589163,0.8237450808128627
75,0,Car,32.515879291480566,50.525132235416585,18.00925294393602,1,0.7063294031961865,0.27370593546412425,10.709989478376416,0.35644148064816106
76,0,Car,17.018499967151858,42.965819944880494,25.947319977728636,1,0.34455933074348255,1.537987887162322,8.330119741471362,0.6039060818812638
77,0,Car,11.954507362577305,18.415058235514515,6.46055087293721,1,0.2599709974624672,0.8795956649749781,6.4263229258802586,0.35082978236135365
78,0,Car,45.953121517410224,85.70704655070845,39.75392503329823,1,0.6203292280365049,1.6983023682190286,15.62269488765307,0.46383496612239317
79,0,Car,12.377950345499066,119.63779377004104,107.25984342454197,1,0.38615698063548115,1.887207961270962,4.97665568090433,0.8965381259931033
80,0,Car,6.563991167489453,10.236931657242353,3.6729404897529,1,0.2527132375768058,1.7489163167690744,3.0004457101396187,0.358793104489898
81,0,Car,52.767154436162656,116.36647725920683,63.599322823044176,1,0.39729077243620003,1.9960101816241327,25.397943518715753,0.5465433372308454
82,0,Car,31.213433163396893,150.1179689457385,118.90453578234161,1,0.41336497291738344,1.5896389458347673,8.502198149977563,0.7920739710069
83,0,Car,21.98090883752249,32.99818755567741,11.01727871815492,1,0.29354298289471265,1.5301568631577043,6.313447486896729,0.3338752681360335
84,0,Car,41.00108754710878,44.4057182878366,3.404630740727818,1,0.7197563454866687,1.7314200671378064,11.65253532695515,0.07667099806063486
85,0,Car,13.234231330424892,29.32080904380186,16.08657771337697,1,0.3150354228315624,1.0196622818877081,6.077502665399053,0.5486403082993209
86,0,Car,43.56752944356298,93.60976995005655,50.04224050649356,1,0.6630168883427835,1.6867386278092789,14.744931810237162,0.5345835219250353
87,0,Car,21.90074756779661,46.15525546987489,24.254507902078277,1,0.37263453836369764,1.6166972301821854,8.18548076010579,0.525498291693109
88,0,Car,20.67331704063806,77.95867595446292,57.28535891382486,1,0.350792414518776,1.8691896580751033,8.084398906080208,0.7348169810796463
89,0,Car,12.138049285923302,14.749281593369819,2.6112323074465174,1,0.529647265055993,1.634804060223971,3.382717395317823,0.17704132170209114
90,0,Car,22.008548738928862,34.13705101157886,12.12850227265,1,0.37672297351418177,1.677681366494058,10.533925976341292,0.3552885182887111
91,0,Car,40.408260546422646,80.85399350020303,40.445732953780386,1,0.5767389481231084,1.9165815974974774,14.340788031537372,0.5002317288592408
92,0,Car,7.930132699883692,36.58520085641575,28.65506815653206,1,0.2937419792343169,1.690004652822878,3.5187005235814572,0.7832420619745476
93,0,Car,44.2320640419006,96.37217969939627,52.14011565749567,1,0.407779332551372,1.6478435503424798,19.8528825537944,0.5410287057959146
94,0,Car,30.5482746641127,113.49478824142606,82.94651357731337,1,0.4362666951465284,1.7373982601953708,8.255170818808027,0.7308398461510812
95,0,Car,22.25360143810934,42.40757191761301,20.153970479503673,1,0.3631091497755879,1.5050631659186255,10.950848901764004,0.4752446218486087
96,0,Car,19.63860988543277,26.07473056970821,6.436120684275437,1,0.36804381261997293,1.5020504588932084,8.082821444862377,0.2468336409869742
97,0,Car,26.949763571556357,39.57922896129621,12.629465389739853,1,0.669010506031843,1.890284341375792,8.953386295630118,0.3190932648559165
98,0,Car,18.79435961019903,37.00939872507654,18.215039114877506,1,0.24467061438227328,1.6491808191763646,10.272636584052092,0.49217333278466646
99,0,Car,21.612336240478733,76.89710154394025,55.28476530346152,1,0.20877223778091925,1.7406021585206126,10.799831150940628,0.718944722147569
100,0,Car,25.46911525306642,45.6996829914583,20.230567738391883,1,0.7334390056633001,0.6916550037755332,8.294953868129713,0.44268507819131186
101,0,Car,42.015028853223086,127.7013366464396,85.68630779321651,1,0.6491722083974367,1.8517761389316243,10.020063809764402,0.670989905379393
102,0,Car,11.852982690268373,51.66227945846889,39.80929676820051,1,0.3921266894831036,1.8007184596554024,5.5156832534520275,0.7705679498753641
103,0,Car,16.740199105816487,585.3409063432362,568.6007072374197,1,0.3106166389899095,1.3909788519865467,8.663209318904364,0.9714009410167547
104,0,Car,18.864313057185512,35.23047444793475,16.36616139074924,1,0.26213224974011595,1.7208269996534877,9.395282880910436,0.4645455858091245
105,0,Car,15.506116870132136,112.08250772033638,96.57639085020425,1,0.4449071386114466,1.5286994059277137,5.300794677628219,0.8616544438065006
106,0,Car,25.141786984039577,55.790941694308884,30.649154710269308,1,0.4086501980377012,1.7740074522764706,12.410927654166313,0.5493571855840491
107,0,Car,10.80010100281794,53.74407145790019,42.94397045508225,1,0.29274367459132955,1.737474814759536,1.9850839031433816,0.7990457233728919
108,0,Car,30.138154147408322,33.194220677476395,3.0560665300680725,1,0.5634257692493959,1.6217036924939565,7.622314850355194,0.09206622320679261
109,0,Car,18.068565372542096,41.925229887422525,23.85666451488043,1,0.2841738461140052,1.3922647689120422,9.295806058815755,0.5690288301087497
110,0,Car,19.37372585928143,22.275669090901374,2.9019432316199456,1,0.28777199928380587,1.6822259985676118,9.062203246023746,0.1302741219479356
111,0,Car,28.35321332288513,40.74262094882945,12.389407625944319,1,0.38751505970358824,1.4376400398023925,9.82154023319078,0.30408960782137096
112,0,Car,23.964707519985698,40.235176709746185,16.270469189760487,1,0.3179976594175713,1.3991551690621857,9.555770705677476,0.40438418618450567
113,0,Car,15.771194882800032,134.058356664057,118.28716178125696,1,0.6423684558326493,1.8202986077768655,4.617458463986635,0.8823557495761208
114,0,Car,17.158205287274416,24.07030908077418,6.912103793499764,1,0.33428665836904353,1.4802978778253921,8.62766051163908,0.28716306759104765
115,0,Car,12.952816416228659,23.19614749452721,10.243331078298551,1,0.36288235463576285,1.4121794728476826,4.801007127924951,0.4415962211274659
116,0,Car,28.991754568893874,58.341125477120784,29.34937090822691,1,0.5619384529626598,1.7528220197510658,8.973949621258674,0.5030648735039683
117,0,Car,32.305221019442584,54.71963654831983,22.41441552887725,1,0.28183521074886386,1.5497686501613686,10.871256745129797,0.40962288755489706
118,0,Car,58.40771749003314,62.43383111889852,4.0261136288653745,1,0.6632972837733719,1.7391748467913162,19.25187441116543,0.06448608962019445
119,0,Car,31.704125559659026,975.4759703645295,943.7718448048705,1,0.3470192366249294,1.68117359533296,9.101817497497542,0.9674988144015363
120,0,Car,31.987090558979922,69.34839587395557,37.361305314975645,1,0.4376196132284717,1.9338661509712967,10.878920755861179,0.5387479384942346
121,0,Car,13.920678325550048,34.94237415913189,21.021695833581838,1,0.7331068693834154,1.879422057122606,2.5697231824320266,0.6016104039710192
122,0,Car,17.50019261776306,44.18556474008595,26.685372122322892,1,0.4754810392062674,0.29459802613751185,6.571018207076518,0.6039386908212001
123,0,Car,25.495756293406185,54.08802622552062,28.592269932114437,1,0.289007836518401,1.6472381153578683,14.60068032233224,0.5286247609202571
124,0,Car,4.326057266252566,30.591009730918664,26.2649524646661,1,0.21878688250366085,0.0,1.8367555096236716,0.858584031573166
125,0,Car,19.323861833129964,39.26621593225143,19.942354099121463,1,0.23680089574886382,0.4098699304992426,10.747180656006,0.5078756285945484
126,0,Car,24.95893222656503,60.95572448372262,35.996792257157594,1,0.3714434255059551,1.9315830850198514,11.111016170362488,0.5905399790100114
127,0,Car,28.513197574049197,64.23087999489431,35.71768242084511,1,0.6804523209708256,1.7828350946277676,8.449976088438788,0.5560827194596165
128,0,Car,20.621274231085447,57.77340952634022,37.152135295254766,1,0.30219547633302496,1.9529083175553503,9.517955111942209,0.6430663448781962
129,0,Car,19.032888351301214,71.99811783421572,52.96522948291451,1,0.30490138081064205,0.7780742538737613,9.502797734545085,0.735647417962693
130,0,Car,47.075817596219565,125.43580942654452,78.35999183032496,1,0.35090067127375846,0.1856144475158389,24.245091600372632,0.6247019267349866
131,0,Car,27.084804788697664,66.43069461203623,39.34588982333857,1,0.28080865065144855,1.4167483013028965,9.703882337475802,0.5922847872225875
132,0,Car,31.36791962847176,63.30551474166219,31.937595113190433,1,0.3566934361000471,1.8959705814667296,14.576170141551954,0.5044994143641625
133,0,Car,25.154684537564915,51.20985453500772,26.055169997442807,1,0.4286578571817768,1.4963522861813217,9.494860508533327,0.5087921110893052
134,0,Car,27.112468437305576,54.387370258269016,27.27490182096344,1,0.43046089933196097,0.9924365995546404,10.120012348883263,0.5014933005851038
135,0,Car,16.40867609143366,89.44272585759707,73.0340497661634,1,0.27829390920063557,0.43393493946709016,9.18008075883519,0.8165454380543128
136,0,Car,39.40365560479047,59.94135765358406,20.53770204879359,1,0.5367264834031522,1.858059644537536,15.821166413854233,0.3426299111789568
137,0,Car,84.57711041194257,93.55407206981266,8.976961657870092,1,0.7177069389019579,1.871271918535943,25.915253598286455,0.09595479340729533
138,0,Car,24.928796813403338,92.11965878394093,67.1908619705376,1,0.32072951922233683,0.7975933461482245,12.0302160439935,0.7293867873319877
139,0,Car,51.08932592521116,144.82206523146613,93.73273930625496,1,0.7077274900718806,1.8296589205750466,9.240648715074462,0.6472269205417271
140,0,Car,38.31159852823234,50.15906703530283,11.847468507070495,1,0.5982383153081113,1.9144033122594823,13.91354033063395,0.23619794400745212
141,0,Car,9.489703282138947,86.6541537088635,77.16445042672456,1,0.2884245714853114,1.6374807143235413,5.411356543962207,0.8904876122381623
142,0,Car,5.995201068519243,18.642824626468755,12.647623557949512,1,0.16827756469196054,1.3035897097946405,2.7818909157713914,0.6784177725940005
143,0,Car,8.058113165379872,28.03049889605958,19.972385730679708,1,0.2846669449344599,1.625224519825227,2.782843767588503,0.7125233769380875
144,0,Car,33.848152128993874,88.35156706333714,54.50341493434327,1,0.39261474631162896,1.9415143087441926,15.459890902178103,0.6168924530254349
145,0,Car,13.412258068988244,51.87346008480688,38.461202015818635,1,0.23691264885384095,0.6532824325692272,8.266449184075528,0.7414427715625522
146,0,Car,55.63117509287378,102.99856995737716,47.367394864503375,1,0.5353319396251103,1.7245697585004414,21.411298513999682,0.45988400503137994
147,0,Car,35.518694932711774,61.91289328652127,26.394198353809493,1,0.6140193694392767,1.2298939129595179,14.006824318149304,0.42631182218640773
148,0,Car,8.201035915587225,42.535411227144444,34.33437531155722,1,0.46803390864179506,0.5688472724278633,2.554155858283852,0.8071950951222109
149,0,Car,8.62995259274171,33.475535224517806,24.845582631776097,1,0.5449884794132961,1.644525278435456,2.252230544587122,0.742201206497184
150,0,Car,35.084372590221435,86.43035126801173,51.3459786777903,1,0.45666477850147785,1.5052044093372743,13.495245942951447,0.5940734698459299
151,1,Train,13.654700453011294,12.371304458433919,1.2833959945773756,0,0.2755494036073385,1.3656868835009108,3.8130843880850587,-0.09398931884253427
152,0,Car,10.650459690355687,15.430408225142394,4.779948534786707,1,0.24987373224410842,0.9953451548294056,5.816870173221053,0.3097745999356149
153,0,Car,34.10693753754144,70.1918789386796,36.08494140113815,1,0.2992051810777263,1.9392645747703006,17.55356846977115,0.5140899766006031
154,0,Car,9.231151731739308,42.54900102708846,33.31784929534915,1,0.34287613904032,1.5298837593602133,4.317608205408709,0.7830465696277481
155,0,Car,43.31740015224106,109.2433265788809,65.92592642663983,1,0.27884701408324075,1.744638084499444,23.48436321481292,0.6034778369645944
156,0,Car,38.23993266842903,84.73564574994782,46.495713081518794,1,0.26051007782659796,1.577252155653196,21.15580761170551,0.5487149200317203
157,0,Car,36.76695275402661,52.91815383058945,16.15120107656284,1,0.5448859217830943,1.8300097914215834,4.722547539134369,0.3052109702894927
158,0,Car,10.25681438266642,114.28320100559742,104.026386622931,1,0.6608561123800805,1.8239426330135484,2.1015726146704665,0.9102509004611793
159,0,Car,16.415308255698083,29.274492285535125,12.859184029837042,1,0.2180568444933162,1.3542064816443862,8.643243537972989,0.4392624098963765
160,0,Car,18.214577748165574,63.421129723351484,45.20655197518591,1,0.4409239838686796,1.811375989245787,8.574864351738547,0.7127995381410083
161,0,Car,14.447912359126688,29.653223643385616,15.205311284258928,1,0.38880322701846076,1.9206817260861493,5.261187863667446,0.512770937390161
162,0,Car,16.544255445607142,53.11074734999722,36.56649190439008,1,0.6538478774444451,1.8776637548888908,4.168840340545997,0.6884951488898977
163,0,Car,12.868608161160559,41.69186344307711,28.823255281916552,1,0.39722397616229055,1.2449026507748602,6.118717049213208,0.6913400577853668
164,0,Car,43.97282943536337,58.63877762686852,14.665948191505144,1,0.5624692136438562,1.106573142429237,16.466329832374477,0.25010664930343207
165,0,Car,38.40181677449232,58.876495419522485,20.474678645030167,1,0.6100816428996962,1.6493227619331308,10.631711490734732,0.34775640939798697
166,0,Car,42.517354903474704,86.60280342935464,44.08544852587993,1,0.3712369376029428,1.6527259584019616,21.567858647754203,0.5090533652509551
167,0,Car,5.544130747151705,67.83229932045685,62.28816857330515,1,0.34692064845832915,0.7555780989722196,1.8755466616110656,0.9182670969037945
168,0,Car,25.409454647047014,135.89231872755664,110.48286408050963,1,0.2027307110822793,1.4916774740548524,8.077491965167633,0.8130177269401879
169,0,Car,24.80240300056177,70.68854983572403,45.886146835162265,1,0.3001936848834194,1.6571015798445592,12.169584719541746,0.6491312516920906
170,0,Car,14.180236764542872,32.6135175835729,18.433280819030028,1,0.21638048127312137,1.5276022084874776,3.9704661475392258,0.5652037003305245
171,0,Car,30.70153025721505,117.4600081830291,86.75847792581405,1,0.3362394393710334,0.10004729291402237,7.039605873175149,0.7386214190503446
172,0,Car,51.30251005544023,59.19766627642352,7.895156220983289,1,0.7858237935285044,1.85111439137134,14.636636651141151,0.1333693829097393
173,0,Car,61.84653326056067,119.12920831451963,57.28267505395896,1,0.644152662653863,1.8936798755128768,21.898903060489108,0.4808449234609517
174,0,Car,28.666815691228354,52.79962358133676,24.132807890108406,1,0.5620097218877783,1.6715518480614866,9.232601464553595,0.4570640139684386
175,0,Car,25.851014392762323,38.81819200044639,12.967177607684064,1,0.3574989882617673,1.416684208125515,10.675188723492344,0.33404898423746654
176,0,Car,19.114444852182455,126.83464777967396,107.7202029274915,1,0.7408190598646273,0.8707490399097516,5.060009824140333,0.8492963461735913
177,0,Car,42.21055431242177,126.08466430678152,83.87410999435974,1,0.2954151655586681,1.9549774414897798,21.991020922045298,0.6652205520433664
178,0,Car,8.877768152674543,43.074976325886134,34.19720817321159,1,0.32135832359889815,1.8323575490659323,3.866654398801126,0.7938996394215219
179,0,Car,13.273404366035097,22.828901260503955,9.555496894468858,1,0.41158193534156284,1.7205266235610415,4.666880564198672,0.4185701618062856
180,0,Car,14.402712789874744,23.178734729524272,8.776021939649528,1,0.31334010149227437,1.9257804059690966,5.295625122592359,0.3786238568264442
181,0,Car,43.13030889113442,56.86531346255377,13.735004571419353,1,0.5307778961588582,0.5607235974392386,17.37164924584205,0.24153572248333696
182,0,Car,13.226588542974612,76.38862502773583,63.16203648476122,1,0.39172369820714475,1.352009798804763,6.0613753571382905,0.8268513337139897
183,0,Car,18.036484950846006,33.803403026090336,15.76691807524433,1,0.5119960576422821,1.8457053717615215,7.093906305756668,0.46642990538778056
184,0,Car,10.192947916646178,37.78403012391859,27.591082207272414,1,0.24318949886514657,1.969175996217154,3.9785365911027952,0.7302313203960292
185,0,Car,9.10953294596523,47.82537370973629,38.71584076377106,1,0.27894406854107856,0.009428379027385692,4.177753094412723,0.8095251068762541
186,0,Car,13.326267221353598,39.00627100805974,25.680003786706145,1,0.31521910501396366,1.7600272100279275,6.806056324191972,0.6583557751880452
187,0,Car,19.3156472735114,27.0347582296613,7.719110956149901,1,0.2771340000202916,0.9700576666801944,9.468510871810984,0.28552542954428367
188,0,Car,48.70735933168739,50.062145416177735,1.3547860844903425,1,0.683217323238459,1.9651064107948621,8.82926554028387,0.027062085997867347
189,0,Car,14.147540121115956,29.922289522996405,15.774749401880449,1,0.2757976381753614,1.9527657939178695,6.167157824996225,0.527190587797667
190,0,Car,17.89518035345025,36.82193375022382,18.92675339677357,1,0.6938200228543078,1.7877768799735376,4.936284019894585,0.5140075892037724
191,0,Car,7.610466304364749,116.29742457366868,108.68695826930393,1,0.32888180307958925,0.0,4.20115432167454,0.9345603195232935
192,0,Car,26.673867978396668,62.79777394674591,36.12390596834925,1,0.25670817515261,1.2760504501017402,14.458776027146948,0.575241823045881
193,0,Car,17.900607175434914,53.12127617280329,35.22066899736838,1,0.28189655355481213,1.4696409165891215,8.754195161591408,0.6630237738038463
194,0,Car,22.773079520455966,47.17777486405193,24.404695343595968,1,0.308781708431375,1.433415555816999,9.70459922540298,0.5172922083315893
195,0,Car,36.109027799334974,97.49538784751417,61.38636004817919,1,0.6824306621077887,1.793201414051925,10.492113397495771,0.6296334770644677
196,0,Car,102.86846991788555,146.4684303713988,43.59996045351325,1,0.7591944933145964,1.979708302134783,28.42076774751106,0.2976747982002482
197,0,Car,4.699286606800186,65.89622664477949,61.1969400379793,1,0.3631668806985788,1.219905920465719,1.8042679191158542,0.9286865599735751
198,0,Car,39.454525916563625,83.67666731411644,44.22214139755282,1,0.5751556347095242,1.6441080258920646,10.80196570370089,0.5284883207829723
199,0,Car,8.676852918481368,24.48828997806429,15.811437059582923,1,0.2939776289936414,0.6472797526624274,3.4739731890384284,0.6456733840438115
200,0,Car,16.13284261992733,43.23660355099395,27.103760931066617,1,0.3678629931949273,1.9711763106497573,7.688782550064024,0.6268707230691699
201,0,Car,24.217924037177035,47.13321158087902,22.915287543701986,1,0.7503104526456099,1.78985071587366,5.74473306205069,0.4861813310637684
202,0,Car,40.93597833939512,82.1723719185517,41.236393579156584,1,0.6443799927180065,1.836403656957342,11.075645856330333,0.5018279576988433
203,0,Car,41.87026136641131,69.2086177093407,27.338356342929387,1,0.664918567485893,1.6514377116572623,10.28126083086429,0.3950137605369292
204,0,Car,21.468597103502464,41.41294045028568,19.944343346783217,1,0.1966190132977731,1.674236008865182,12.100887155774503,0.4815968904870563
205,0,Car,15.921818220687829,79.7530623097455,63.83124408905768,1,0.515994383429462,1.9368256891452325,5.338102821406093,0.8003610424531342
206,0,Car,26.0008870753991,39.21812679792099,13.217239722521889,1,0.4128285436232223,1.9254000872464438,11.165120405890475,0.33701863912639896
207,0,Car,26.823711198494482,110.28409221973776,83.46038102124328,1,0.34333765115376746,1.5896098682050233,4.613376553822153,0.7567762434399964
208,0,Car,19.399842011218983,31.331338301517135,11.931496290298153,1,0.1861463362400243,1.3556986724800488,9.675748482550324,0.3808166818625939
209,0,Car,29.143959056559023,80.51024442452501,51.366285367965986,1,0.5945932152549751,1.7979391435033172,9.457256055835789,0.6380093084442158
210,0,Car,14.453616204848977,21.679205416329907,7.22558921148093,1,0.2972061244175055,1.7439136635600274,5.243342808391164,0.3332958506882471
211,0,Car,26.18641714118393,66.38113928774244,40.19472214655851,1,0.425968083619079,1.9675363890793856,12.118505870177014,0.6055141954151522
212,0,Car,31.531943436866626,32.58908478727806,1.0571413504114346,1,0.5751273254816347,1.5802310221251885,7.454894600529905,0.03243850992784294
213,0,Car,31.26188294658933,130.32589938223214,99.0640164356428,1,0.3426386280550414,1.5802702561100825,8.31063633844731,0.7601253235559762
214,0,Car,43.43890360652862,116.51890122689608,73.07999762036746,1,0.36810194734651625,1.6933729297953544,21.681241314707687,0.6271943594632731
215,0,Car,48.77372455838407,96.6431577165926,47.86943315820853,1,0.7402776602545427,1.901760175199978,12.661389966998929,0.4953214928943682
216,0,Car,19.098797893159464,133.17058743531402,114.07178954215456,1,0.46825179346247886,1.8915972317998864,6.450933264936601,0.8565839630133308
217,0,Car,17.726024273528868,38.946176621532665,21.220152348003797,1,0.23400051686182913,1.8435830224824385,9.36734536196688,0.5448584222840386
218,0,Car,25.17189865033345,60.85344922081718,35.681550570483736,1,0.30885972968963227,1.7545241531264213,14.466199319026027,0.5863521464659646
219,0,Car,22.789787641886313,43.38575815263472,20.59597051074841,1,0.6573730430389338,1.1563193620259562,8.461018538853663,0.4747173124943458
220,0,Car,20.460931582036814,24.945257365422755,4.484325783385941,1,0.686887882948825,1.6507378439317666,6.320880433431939,0.1797666673746881
221,0,Car,18.595769650601465,49.05633620023334,30.460566549631874,1,0.4490709833557081,1.6654563222371392,8.966477810243731,0.6209303203015595
222,0,Car,6.20848391715309,39.22139554778431,33.01291163063122,1,0.20977382140639725,1.5648567618751974,3.543512202899478,0.8417067054743335
223,0,Car,13.537743765820467,87.31684789466874,73.77910412884827,1,0.2687542895043915,1.9963441930029275,7.41299045042102,0.8449584004435067
224,0,Car,32.88360599909649,35.07688914597012,2.1932831468736325,1,0.5305397163361572,1.53480929801694,11.52526204263365,0.06252786949681974
225,0,Car,49.82707953392212,64.96483895973827,15.137759425816157,1,0.7944726098276029,1.7943946108048454,9.851198937865854,0.23301465328341273
226,0,Car,28.89921289363198,70.81435961168434,41.915146718052355,1,0.5575503103266339,1.658438620653268,8.29040349319575,0.5919017971481645
227,0,Car,11.746537602874405,56.734650692396556,44.98811308952215,1,0.18716647219134763,1.7794712035596243,4.5328133975358105,0.7929565537194954
228,0,Car,41.130180744586944,99.39043879277366,58.26025804818672,1,0.5585226229222684,1.815351491689074,8.85312993622195,0.5861756800335469
229,0,Car,34.82221998823923,165.5312661478713,130.70904615963207,1,0.41917897509776547,1.776825266927374,8.421759567108031,0.7896335792107573
230,0,Car,15.91925707694003,23.103324605338052,7.184067528398023,1,0.6503339192362008,1.8949244512965355,3.5049047420534993,0.31095384110813795
231,0,Car,47.1095853624932,95.48246576637388,48.37288040388068,1,0.5081952646982391,0.13298650979882598,20.382557758231073,0.5066153247679972
232,0,Car,25.3481508898993,48.80495092280215,23.456800032902848,1,0.188864964279576,1.9503336428530504,15.210699778216513,0.4806233709773818
233,0,Car,42.85931678179543,67.66800712106505,24.808690339269617,1,0.7532234389456343,1.7888542519275126,11.245415396478432,0.36662362901990464
234,0,Car,16.438306339239464,74.80020209563902,58.36189575639956,1,0.39141008758856144,1.7087560754132889,5.413402547763445,0.7802371400250824
235,0,Car,29.134210421529897,93.48180462755937,64.34759420602947,1,0.21034764416967414,1.1522234294464493,16.9189908451613,0.688343517355025
236,0,Car,42.54473364543743,88.86824863341175,46.32351498797432,1,0.6591640880986989,1.6401776651185898,12.371747184679126,0.521260581819974
237,0,Car,26.481425948415275,40.434347653554646,13.95292170513937,1,0.5897800770223908,0.6979333846815938,9.546463418019739,0.34507596919058364
238,0,Car,15.021937818212795,16.33076673959319,1.308828921380396,1,0.45951340341703284,1.4982713561135514,2.909124080498354,0.08014497679445759
239,0,Car,10.912460068229663,129.79735597620598,118.88489590797631,1,0.37550030512522603,0.05655220341681744,4.465537075518242,0.9159269463837916
240,0,Car,12.823529199544645,49.14367827180985,36.3201490722652,1,0.506298570261091,1.800986046840727,5.280380502609711,0.7390604519136987
241,0,Car,5.3895491922130905,31.80171849890019,26.412169306687098,1,0.20809161402344242,1.6656234093489615,2.4693364936419613,0.8305264794919972
242,0,Car,22.81135162915494,36.42229305648844,13.6109414273335,1,0.3531553354404245,1.8613774556822658,8.554448940197076,0.37369809216086086
243,0,Car,35.76630341568039,105.1647194153957,69.3984159997153,1,0.25820380882727073,1.477314617654542,20.92493758132248,0.659902069681704
244,0,Car,21.72739290200459,98.59569880903548,76.8683059070309,1,0.17890593892408962,1.39507129261606,14.197254591729928,0.7796314325629239
245,0,Car,21.97630462929751,44.86041888515523,22.884114255857718,1,0.48862056054258196,1.9596839491987137,7.613803905110086,0.5101181581572415
246,0,Car,22.753093104319657,36.42310770638949,13.67001460206983,1,0.4750207512818398,1.693144340169811,8.930627313642619,0.3753115937350887
247,0,Car,45.459117627351866,96.56161493319158,51.10249730583971,1,0.38714124806507066,1.7542614961301415,21.68555659386089,0.5292216512865509
248,1,Train,42.77429840685094,37.36954664378083,5.404751763070109,0,0.8183688759920625,1.9973821812169104,7.189177391992072,-0.1263551236226579
249,0,Car,36.81773638540243,44.55131272531333,7.733576339910897,1,0.3765861740280779,1.9907641160187184,17.691221456086584,0.17358806883184846
250,0,Car,30.70468902411406,126.70608981383069,96.00140078971663,1,0.30116835812537235,1.8064612883343265,8.367723371367177,0.7576699820093219
251,0,Car,21.718525009380816,69.35327571639567,47.63475070701486,1,0.21448140514671235,1.2314692700978078,7.813413744861052,0.6868421169002349
252,0,Car,31.630503484217996,37.99600516948893,6.365501685270935,1,0.6402226687721393,1.8180710126328368,7.762681904108644,0.16753081427577232
253,0,Car,24.478375388329383,37.75321535910438,13.274839970774998,1,0.3243139346247903,1.4321866513322137,12.229316476466025,0.35162144057151684
254,0,Car,16.47104909763648,143.64061947793965,127.16957038030317,1,0.7766701317089315,1.948547281308347,4.014455845790085,0.8853315367373077
255,0,Car,17.135777856827957,49.86741819203334,32.731640335205384,1,0.7354830884442811,1.9011030794066428,4.206488466671438,0.65637326980033
256,0,Car,29.353144887978143,39.945748587006754,10.592603699028611,1,0.578853089671205,1.7830908967120516,8.045788787148188,0.26517474509099803
257,0,Car,25.98633467845351,70.57733136872064,44.590996690267126,1,0.34133062464639763,1.8635532492927949,12.918487983091573,0.6318033825522275
258,0,Car,18.515978122005983,122.14681688450551,103.63083876249954,1,0.8090209468709718,1.7854039291612955,4.494279847730926,0.8484121109802351
259,0,Car,12.716898506913234,44.14087841577394,31.42397990886071,1,0.6614020021524206,1.7399163390731216,3.240106941581203,0.7119020064093515
260,0,Car,16.937285432024918,47.676590384730815,30.739304952705897,1,0.3524826817137363,1.914588242284982,8.45781244512403,0.6447462938237011
261,0,Car,12.579608603690154,26.837515047401943,14.25790644371179,1,0.3098155815014326,1.4266145506704873,5.29165067417032,0.5312677577834112
262,0,Car,35.221410424144366,99.70693858378107,64.4855281596367,1,0.25696174347340417,1.5663474869468081,21.11455369742854,0.6467506582347952
263,0,Car,19.247255666125273,116.14852359931481,96.90126793318954,1,0.6731053406984067,1.7212008023280216,4.611479499155794,0.8342875564004258
264,0,Car,16.205828972942232,79.92546347169723,63.719634498755,1,0.6742531797923804,1.6477945730565071,5.49308568927566,0.7972382233519241
265,0,Car,22.927755034414883,39.73383592110334,16.80608088668846,1,0.5457643922938022,1.6423089229380174,4.159555940285955,0.4229664842845554
266,0,Car,26.08903586329335,84.34761688473863,58.25858102144528,1,0.2776990827518502,1.6858583885012337,9.701252526112308,0.690696230351782
267,0,Car,6.777713722158335,56.24558996906449,49.46787624690616,1,0.2720131342624524,1.9967490246998714,2.7513904542901377,0.8794978641723533
268,0,Car,12.21261238571691,72.81097173788658,60.598359352169666,1,0.6442576112010339,1.9023454448041361,3.329109177984101,0.8322696141224252
269,1,Train,69.46037684501732,49.894233252464836,19.566143592552486,0,0.7681797015775801,1.7648497417470934,19.254187746719342,-0.28168784105806427
270,0,Car,22.813329891440848,126.89376998371623,104.08044009227538,1,0.6021597429954773,1.9300684579728642,6.493073311674021,0.8202171005371786
271,0,Car,44.95390062240422,71.8161617304718,26.862261108067585,1,0.38282216981697165,1.5844423396339433,21.59398682267357,0.37404200476325167
272,0,Car,29.217543841475955,53.494120866512404,24.27657702503645,1,0.30334465655061105,1.899834814704482,13.128462453124577,0.45381766504052806
273,0,Car,17.127877047508594,19.19332886330743,2.065451815798834,1,0.3236852000985243,1.7144468003940947,7.468663050467385,0.10761300608710103
274,0,Car,19.526200752916942,40.30200783957508,20.77580708665814,1,0.36433308410410764,1.916257725819169,8.92102241853772,0.5155030282698984
275,0,Car,45.88347810845656,96.4776913504812,50.59421324202464,1,0.7176053558481701,1.7575867116963404,8.737473498602004,0.5244135979397303
276,0,Car,13.840010684218553,24.11010329075005,10.270092606531497,1,0.21775704687205996,1.6319440624960802,6.787084989930839,0.42596634625251334
277,0,Car,31.112769167443183,55.88990272921545,24.777133561772267,1,0.37925257940881796,1.9933965980293942,13.763026841549719,0.44332039155295333
278,0,Car,19.64967287154307,96.65691482310123,77.00724195155816,1,0.24696047721265496,1.8398789392337465,9.496786940226926,0.7967070135902293
279,0,Car,10.929503294292063,28.854643516071054,17.92514022177899,1,0.27414636669078013,0.6967379111271866,5.4561682652549175,0.6212220300623467
280,0,Car,23.923696298016992,62.14900036270487,38.225304064687876,1,0.6824956590790127,1.8205835907901236,5.176951314612833,0.6150590329949471
281,1,Train,41.23284893690167,24.51657921774315,16.716269719158518,0,0.6825091012797172,1.6575408862889978,7.636508273563306,-0.4054114656190579
282,0,Car,25.341932156865546,73.38392328089415,48.041991124028605,1,0.6561607691612825,1.9069441794408553,9.134655701905892,0.6546664306858688
283,0,Car,26.638714851217216,35.591563968141614,8.952849116924398,1,0.8051407578711136,1.8724492033985298,4.7320512398034165,0.25154413346202453
284,0,Car,17.292395773833007,25.39833700340612,8.105941229573112,1,0.6026904746803132,1.8363025316283352,4.1957023779416485,0.3191524401178723
285,0,Car,25.164906855443526,104.97009056736944,79.8051837119259,1,0.48216173177210625,1.8948655694512324,9.575727533850278,0.7602659317580298
286,0,Car,14.771191328180596,42.26361613323827,27.492424805057677,1,0.6055966280227969,1.9974100161215813,3.2942823421718983,0.6504986397374602
287,0,Car,21.940768971080814,65.32527530571798,43.384506334637166,1,0.42260561724488466,1.7581324896598458,9.867611199491776,0.6641304783118102
288,0,Car,12.204814563853324,31.752650731911128,19.547836168057806,1,0.3637968591482499,1.4746563426918302,5.006932641746564,0.6156284819526077
289,0,Car,22.563370367903676,76.38482201380442,53.82145164590075,1,0.18772698363826612,1.5656199781843536,13.233787566558057,0.7046092433935898
290,0,Car,31.46994847322242,66.37484883797215,34.904900364749736,1,0.503813935539772,1.9038667421590885,12.56085110321007,0.5258754027441357
291,0,Car,55.03456168499633,70.41874306862951,15.384181383633177,1,0.7946192949905444,1.9114344533081173,15.2485004766624,0.2184671397590821
292,1,Train,57.92825060912539,53.95270057843122,3.9755500306941727,0,0.5831814167729243,1.6567681113944648,21.590760133450097,-0.0686288639634477
293,0,Car,24.43918888339793,41.631126620457344,17.191937737059416,1,0.3638535078505871,1.450590734705083,7.600307203221017,0.41295874343720923
294,0,Car,10.460265206392004,43.24543867450629,32.78517346811429,1,0.3654838985969331,1.7334287971938664,4.212406874144449,0.7581186472607467
295,0,Car,13.969915608230117,36.57245757490713,22.602541966677016,1,0.382939787205014,1.5955820069567301,5.0170560862089575,0.6180208677632025
296,0,Car,29.774570218599866,31.009987795696766,1.2354175770969,1,0.6185657471470264,1.9313684600583656,9.24813504306973,0.03983934418924016
297,0,Car,5.731861110880252,24.159523435626916,18.427662324746663,1,0.33380962161982275,1.8324754144132156,2.3379418172859063,0.7627494132426575
298,0,Car,44.93929420937944,123.46793874664928,78.52864453726984,1,0.27770462312066285,1.9673091641608833,23.929276721945474,0.6360245852845015
299,0,Car,45.87621926386733,77.06618457491872,31.189965311051395,1,0.7885820510132522,1.7789747481943696,10.482845350469272,0.40471661446701757
300,0,Car,38.3239009489811,74.79728735966407,36.47338641068297,1,0.6053516894616429,1.652803919282191,13.264817697112656,0.48762980180417576
301,0,Car,7.0570238314155205,59.986619499970125,52.929595668554605,1,0.27915936467430735,1.2108589097828721,3.36925423658357,0.8823567007069129
302,0,Car,39.75581390283382,72.14088220266727,32.38506829983345,1,0.27547087591537545,1.859540834553834,21.82145183249649,0.44891422603972636
303,0,Car,10.343526861028012,41.307170246969164,30.963643385941154,1,0.6017538466242649,1.17282989774951,3.6723236483234563,0.7495948814894444
304,0,Car,23.736702582584,79.57519941294902,55.83849683036502,1,0.5499774950969143,1.8041486601292196,8.101072490614076,0.7017072811919162
305,0,Car,13.394122695414957,56.57904091239969,43.184918216984734,1,0.40493379018585074,1.9588525803717007,5.2666887087093635,0.7632670600381362
306,0,Car,22.061860071549255,35.724772609657606,13.662912538108351,1,0.24366889609499107,1.7860507921899824,11.858252296905366,0.38244925131909185
307,0,Car,33.70704119297525,85.03948117001447,51.33243997703922,1,0.3189051192502569,1.9620690795001714,17.08629104287538,0.6036306815467661
308,0,Car,22.565604475710597,56.842918458926164,34.277313983215564,1,0.3451489900490683,1.9712219668302282,9.597082899295044,0.6030181931630382
309,1,Train,31.75135297367848,29.510688484974224,2.2406644887042546,0,0.5763214950955872,1.6672029444166538,7.4550022898550425,-0.07056910269498565
310,0,Car,8.089469630545874,27.176466758580716,19.08699712803484,1,0.41899613855817475,1.996990425705449,3.080967103576424,0.702335491128857
311,1,Train,37.1434078577189,29.055204731818666,8.088203125900232,0,0.6141455412365483,1.7894545773116792,7.810584832562312,-0.21775608627196535
312,0,Car,23.090427412042228,38.69797330113427,15.60754588909204,1,0.6245458781560649,1.4376165854373766,8.429624409291435,0.40331688090328416
313,0,Car,30.283701694028483,37.60591342766911,7.322211733640625,1,0.4059482635823125,1.445252369552833,10.06138119417973,0.19470905148266388
314,0,Car,29.890963074679227,54.941765697596864,25.050802622917637,1,0.6467286716407175,1.9221281144271454,9.143928768051598,0.4559519029803105
315,0,Car,19.257437607267985,64.22782981845893,44.97039221119094,1,0.17891598972568512,1.758955965752283,9.344439753682673,0.7001698848972561
316,0,Car,14.151543537088584,34.231750755948596,20.08020721886001,1,0.32289410051879114,1.4920666013834438,5.443170016123353,0.5865959752400507
317,0,Car,20.483776073210997,38.48635283446468,18.002576761253685,1,0.22249052495130683,1.4957197332034857,10.654317898218268,0.46776520598575155
318,0,Car,23.27804972401507,54.559000501796476,31.280950777781406,1,0.29596479244183543,1.826957056589114,11.157312813090337,0.5733417124595493
319,0,Car,32.95594805768867,92.20895963807176,59.25301158038309,1,0.4432770541614758,1.629549513871587,14.703090017863602,0.6425949475295714
320,0,Car,20.65644075537934,41.4866862727213,20.83024551734196,1,0.2886705417859231,0.8684606945239489,10.950009797635634,0.5020947052847278
321,0,Car,36.55995469739017,62.14161821502684,25.58166351763667,1,0.28910877924288714,0.10961285282859123,20.359333689353903,0.4116671604707361
322,0,Car,25.310193536310425,69.64312608755354,44.33293255124312,1,0.32685140903880966,1.919616272310476,13.15184173845016,0.6365729834629896
323,0,Car,29.166769119685757,50.22814585408332,21.061376734397566,1,0.6470894949714794,1.6106649899429595,9.778131728283885,0.41931423858612077
324,0,Car,50.26957787162187,76.5024012827734,26.232823411151536,1,0.4926620212084213,1.9969060282778943,21.689103099209834,0.3429019608703259
325,0,Car,20.341216726654785,34.281721103341205,13.94050437668642,1,0.2095285383166655,1.3411893065333198,10.59156015114211,0.406645405423584
326,0,Car,8.662254164096096,36.53469648203192,27.87244231793582,1,0.6096594033235916,1.8490905377647888,2.504620159749889,0.7629033494679155
327,0,Car,7.977949755403684,118.85463722118809,110.8766874657844,1,0.3828381085235425,0.09289507234902816,4.109790883426592,0.932876411539949
328,0,Car,18.453992136210307,92.1867954139111,73.7328032777008,1,0.6979331938150395,1.8062028501734386,5.2111150394691474,0.799819572278726
329,0,Car,12.198693941211134,78.64828018013175,66.44958623892062,1,0.46261451871081455,1.6863516916144192,4.572432611217818,0.8448956046683804
330,0,Car,20.166397141930684,70.17728230526886,50.01088516333817,1,0.377388874861994,1.5644989996319847,9.06899741465734,0.7126363905885166
331,0,Car,41.61405453366215,57.502573214693065,15.888518681030916,1,0.29741264834134706,1.7055968278044915,21.472197390447747,0.2763096987279011
332,0,Car,24.085814170637367,62.908640872736456,38.82282670209909,1,0.2780966284072036,1.3679928378762716,10.5130215200496,0.6171302727814019
333,0,Car,14.638896889670914,51.83036755923088,37.19147066955996,1,0.42222584520353124,1.6337296346902095,3.5007550597921844,0.7175613915347633
334,0,Car,18.366022716920043,35.254432554533345,16.888409837613302,1,0.2563154237968566,1.6321753903748544,4.89475070715221,0.4790435872564238
335,0,Car,11.250463478010618,104.25096269876649,93.00049922075587,1,0.4623451165083071,1.8075514886777426,4.665351454365864,0.8920828816658617
336,0,Car,25.09329964275542,116.06549668042052,90.9721970376651,1,0.782307103207599,1.9600672064151978,6.285726559565701,0.7838005233213421
337,0,Car,12.356136664715246,30.54990361704187,18.193766952326627,1,0.3954629965244615,1.7641659860978451,4.769542777841568,0.5955425319959919
338,0,Car,12.777223268322352,19.563091832940863,6.785868564618511,1,0.5359848882332426,1.8712934784217983,5.098406345931275,0.3468709661318607
339,0,Car,39.08545892723455,79.83509011571968,40.74963118848513,1,0.45272476375385307,1.3580031758359024,16.22204341571641,0.5104225614252981
340,0,Car,23.466010100524482,101.00261878550049,77.536608684976,1,0.3430095312826831,1.6531957500871544,10.952156902514826,0.7676692903343496
341,0,Car,54.233574232500416,88.79811221678845,34.56453798428804,1,0.6436406651160186,1.7918056604640755,17.6102046764449,0.38924856758107024
342,0,Car,40.002025348315584,41.31110736820608,1.3090820198904964,1,0.7181663787082263,1.9032273019151764,7.497633978645311,0.031688378823221626
343,0,Car,19.28216355183133,27.711502034029515,8.429338482198183,1,0.3608496744198776,1.8306499302393444,6.796587062082866,0.3041819411970892
344,0,Car,8.043174337955676,23.97749149896559,15.934317161009915,1,0.23848070946229516,1.9962328063081958,4.001856917931291,0.6645531356646435
345,0,Car,45.32950640636504,62.88581005916323,17.556303652798185,1,0.7469574939647234,1.8185886465490777,11.365948793371576,0.2791775065993607
346,0,Car,20.004885518600553,53.195301372348084,33.19041585374753,1,0.4325455594437221,1.7031542377748876,8.083152741241964,0.6239351032420418
347,0,Car,9.320970123273902,114.80642748200927,105.48545735873537,1,0.2596791559334185,1.7008391039556126,4.339197971963716,0.9188114260873196
348,0,Car,11.417955687376516,100.28587960291149,88.86792391553497,1,0.25221381025365686,1.9211566205073136,5.447264497872891,0.8861459286931853
349,0,Car,18.95136964824716,29.34844762256785,10.397077974320691,1,0.32483330622377127,1.3889296124475423,7.075398884449569,0.3542633023739808
350,0,Car,36.66432570905584,65.84487346506967,29.18054775601383,1,0.3456280291877785,1.8052063527918523,17.291631322720093,0.4431711418124897
351,0,Car,9.27542061269907,28.99220837216803,19.716787759468957,1,0.24246973369538616,1.7819273115938488,4.167980724949652,0.680071952655966
352,0,Car,30.477138713893993,48.009300235297864,17.53216152140387,1,0.7519415817706019,1.756326272568672,9.470837259926919,0.3651826091085932
353,0,Car,21.22246826986539,25.872464949937896,4.649996680072505,1,0.31852790407657083,1.5179806434834262,4.015553688870434,0.17972762506665088
354,0,Car,29.633007193783357,64.17286465834802,34.53985746456466,1,0.386172922558798,0.1859292817058653,14.241004932460545,0.5382315040547515
355,0,Car,36.706825118656994,144.19043068772947,107.48360556907248,1,0.5439114479060048,1.8802444930200166,8.982081145962432,0.7454281470442912
356,1,Train,24.061697070848915,14.073428629387436,9.988268441461479,0,0.6993583531956356,1.709306394362173,5.041177646347656,-0.4151107219100687
357,0,Car,35.567876902154154,145.8703964657119,110.30251956355775,1,0.5154807996589266,1.9893350662119023,8.871927334591469,0.7561679561862664
358,0,Car,20.447817474328414,49.46620133605479,29.018383861726374,1,0.6387292120201928,1.6788772615487266,4.525869081048993,0.5866305290876568
359,0,Car,21.882903920251486,60.42674540656952,38.54384148631804,1,0.5917643722015453,1.9596572332092699,6.4112221886440075,0.6378606232552051
360,0,Car,21.422406766887118,89.53996610736887,68.11755934048175,1,0.4049007682935202,1.9756220487827205,9.650556005854643,0.7607503364341331
361,0,Car,7.342750144040659,43.21663619207174,35.87388604803108,1,0.1701996058064294,1.4650241410752392,4.14703879711442,0.8300943620089591
362,0,Car,34.81339474697984,72.30213141143568,37.48873666445584,1,0.6387037832802502,1.5991091547770002,10.842511820974236,0.5185011275964463
363,0,Car,37.8608990142297,72.27445211526359,34.413553101033884,1,0.5551194719356227,1.811358573118742,14.809253313752011,0.47615100625254153
364,0,Car,33.29038705814163,62.44422905184358,29.153841993701946,1,0.6991398081983219,1.6936528033053726,9.627087987771516,0.4668780836335943
365,0,Car,36.201886848572016,64.22619994954607,28.024313100974055,1,0.7028268213516791,1.7172788090111928,10.350067176205501,0.4363377114478049
366,0,Car,21.002817858973728,42.23757257703948,21.23475471806575,1,0.5556458853320455,1.6490790275521208,6.342307685324778,0.5027456224984164
367,0,Car,68.02267415596026,95.55956323180615,27.53688907584589,1,0.6889890213297913,1.6832334044326378,21.591591608894642,0.28816466028677373
368,0,Car,19.58944871826164,19.591060807460245,0.0016120891986055597,1,0.49941708613305064,1.5615651260429355,5.383427804398701,8.228697845660704e-05
369,0,Car,39.021645573529625,48.35994859204741,9.338303018517784,1,0.7381891394772999,1.6839703088490654,9.41565977195256,0.19309993683602528
370,0,Car,23.598496822235248,40.53913553673081,16.940638714495563,1,0.548575026846471,1.7106818098478422,7.620600296639424,0.4178835707817785
371,0,Car,19.495988121787896,60.664969064556296,41.1689809427684,1,0.2863095790459981,1.7117943161839912,8.90052487259377,0.6786285656712139
372,0,Car,23.819348462445713,92.30940917138129,68.49006070893557,1,0.5921388068315342,1.7532864546522733,7.420479071184308,0.7419618576669383
373,0,Car,49.44844008006937,57.450754650858904,8.002314570789537,1,0.7240614171470642,1.9944855028823838,14.688420999543112,0.13928998181871402
374,0,Car,16.494706714592972,58.3428205159353,41.84811380134233,1,0.31713473199334186,1.862899821328895,8.58383866410736,0.7172795800969592
375,0,Car,11.011963930873993,27.70395007101372,16.691986140139726,1,0.2437587818524075,1.3328691698795052,1.8362225348138979,0.6025128581791783
376,0,Car,84.41472021273397,113.61829588993143,29.203575677197463,1,0.7367868614523375,0.9271349076348916,24.721088852162836,0.2570323331155102
377,0,Car,26.2196485547902,41.28900021207823,15.069351657288028,1,0.21738982052245742,1.9515398547265526,10.201100220905216,0.3649725491023105
378,0,Car,15.866005719967509,52.26921494258878,36.40320922262127,1,0.7315454094001899,1.8072688501343448,3.9313682602049176,0.6964560164641015
379,0,Car,12.071313750922707,13.99610301299365,1.9247892620709433,1,0.425892764841806,1.6491873531224077,5.032171927145101,0.13752322773589296
380,0,Car,39.67326507611392,73.90866279981446,34.235397723700544,1,0.3285632609298525,1.6116288406199013,21.03573166297921,0.4632122463970013
381,0,Car,27.443845632473053,77.07425505197438,49.63040941950132,1,0.28179500220772924,1.537512007359096,14.483925682238986,0.6439297971291902
382,0,Car,19.82303456788138,54.83040498275285,35.007370414871474,1,0.31858872001789074,0.8932871466785937,11.09556252053478,0.638466384223921
383,0,Car,52.31939235044916,224.1146283704517,171.79523602000253,1,0.7755030900643312,1.7652067205146496,6.835597866451259,0.7665507480218225
384,0,Car,39.63314085015732,69.27691175167885,29.643770901521535,1,0.7654346189062187,1.147680412604146,10.335704094436178,0.4279026035077718
385,0,Car,12.82393396850167,76.04919011379334,63.225256145291674,1,0.3189222566704267,1.5802170177878043,4.802367141657707,0.8313731684806497
386,0,Car,38.26110335051546,48.87103616766352,10.609932817148056,1,0.6725276308007375,1.126280420533825,13.155440294960304,0.2171006315632065
387,0,Car,24.370432920779567,38.35759697195833,13.987164051178762,1,0.5415481823353794,1.6772797293415185,8.136324175475504,0.3646517288714464
388,0,Car,23.569052232732023,48.460506663875,24.89145443114298,1,0.2972304198633019,1.5300832799088688,11.984003174668091,0.513644122703702
389,0,Car,20.92095421286511,72.94759697290142,52.02664276003631,1,0.490468128828056,1.9012066768748164,7.9393987516141955,0.7132057109347025
390,0,Car,31.81180520099688,66.01818181122582,34.206376610228936,1,0.33599577055473573,1.483449235182453,8.307238461816937,0.5181356964364693
391,1,Train,48.36847379100627,47.36096346658121,1.0075103244250556,0,0.8213101970181346,1.8112053940362687,11.918276099135097,-0.02082989694440998
392,0,Car,33.252581819571,78.71690127262514,45.46431945305414,1,0.6338178908580057,1.7749618358187274,10.840977540833299,0.5775674438148262
393,0,Car,32.36577214559256,81.61710804958446,49.2513359039919,1,0.5183911913646548,0.9731967942431032,10.276822937969767,0.6034437764453804
394,0,Car,12.270924376668741,48.312159850323255,36.04123547365451,1,0.31332985623693577,1.7750446624390328,3.999948375898231,0.7460075389987633
395,0,Car,14.374011590553657,41.92439464503083,27.550383054477173,1,0.18326731348423847,1.7375808756561593,8.698462029236365,0.6571444450836605
396,0,Car,13.741922876976286,17.63012496856263,3.8882020915863436,1,0.6701837638494157,1.679991685132555,4.16485172214838,0.2205430817149418
397,0,Car,9.726550412848962,15.852272134864382,6.12572172201542,1,0.566573222998086,1.5990592973307818,2.511258589804167,0.38642547074011774
398,0,Car,12.20755086405844,60.338209358600885,48.130658494542445,1,0.33027792593056093,1.8802418024814966,6.033942450876559,0.7976812538219893
399,0,Car,39.924827047642545,63.52228184026409,23.597454792621548,1,0.5827307600303541,1.6742713600809453,10.805606079863548,0.37148310968993115
400,0,Car,27.968010817728356,47.004514915623176,19.03650409789482,1,0.27797688483559824,1.886525488794388,13.215777494805355,0.404993097621938
401,0,Car,18.691456424639046,47.80460081222355,29.1131443875845,1,0.42953424005073726,1.967159826700492,8.037931840113195,0.6090029807369571
402,0,Car,24.008619852806895,57.91264273275521,33.904022879948315,1,0.4972144958433747,1.1417799972289162,10.989721671299199,0.5854338755770906
403,0,Car,25.605074900046926,48.27914951147193,22.674074611425002,1,0.35052541967148076,1.4212762797809875,12.032015559872912,0.46964527836260384
404,0,Car,33.59452842791007,50.72086677301538,17.12633834510531,1,0.6630195027944686,1.6589866685296455,9.745196880674486,0.33765862917423367
405,0,Car,51.6835981687258,90.04662042879079,38.36302226006499,1,0.7355958671219687,1.7027405570732297,10.93850956050634,0.42603511467043464
406,0,Car,44.00613005456305,128.60710182631885,84.60097177175581,1,0.2973271008375594,0.4962257338917061,24.24120843042628,0.6578250389780778
407,0,Car,21.6488412058796,38.55524043331583,16.906399227436232,1,0.7371479080836606,0.6344856053891069,5.245913409451515,0.4384980883902699
408,0,Car,23.223781087782047,71.17304171467916,47.949260626897114,1,0.31210485632508944,0.9579445708833929,10.134827438449639,0.6736997530486009
409,0,Car,22.543215562524395,74.93220156190458,52.38898599938018,1,0.42976282271199656,1.5766461514133128,9.723977778178549,0.6991518320211035
410,0,Car,8.401520221459037,60.274425486402635,51.8729052649436,1,0.4871627001943948,1.884715400388789,2.479443439668514,0.860612189105737
411,0,Car,29.254391687430967,75.14467441809592,45.89028273066495,1,0.34829743575445715,1.8481868715089136,13.07892529452019,0.6106924154776019
412,0,Car,15.761181052344302,43.90522018134864,28.144039129004337,1,0.5034112474870804,1.7096593299827743,4.676814778069517,0.6410180614686951
413,0,Car,20.17846974391591,52.24620438243278,32.06773463851687,1,0.31558739392589225,1.9057103130863056,9.54334111378462,0.6137811352531343
414,0,Car,11.253588955616218,141.53651064067952,130.28292168506331,1,0.3315376729357334,1.7445881278286222,4.974475897717473,0.9204898516667135
415,0,Car,23.59490256547675,39.33128690284106,15.736384337364306,1,0.5750579248714005,1.622767549228402,7.875062525808465,0.40009838417536253
416,0,Car,28.217698868480475,83.20081587483031,54.983117006349836,1,0.30648488120556344,1.8275896832148344,14.757122676909812,0.6608482913084411
417,0,Car,12.719676242739329,17.78832276126373,5.0686465185244,1,0.22479383506764322,1.5004531168921427,6.149534029842909,0.2849423515949465
418,0,Car,37.118143731830834,68.37825718181026,31.26011344997942,1,0.1903061940764822,1.5101437763059316,21.03060807508062,0.45716452478252295
419,0,Car,38.40892596300074,43.0506718725196,4.6417459095188605,1,0.5962122834627122,1.8413320892338993,5.137443319461946,0.10782052190181522
420,0,Car,46.25665543883623,117.45216324156988,71.19550780273364,1,0.6429446642088122,1.901515328417625,8.453314102164976,0.6061659984610261
421,0,Car,35.031999755350455,133.86272715745952,98.83072740210906,1,0.2562474667983248,1.4092669335966495,20.010480366917314,0.7382990732428217
422,0,Car,15.220846853544257,28.724727666312322,13.503880812768065,1,0.22857595246878107,1.9468711748959349,7.032724654673636,0.47011344962567203
423,0,Car,14.666529440297987,52.04593617084872,37.379406730550734,1,0.2480843416422143,1.8548494555229527,7.8385114763418855,0.7182002953669069
424,0,Car,21.63847817088136,76.9641957988123,55.32571762793094,1,0.42529142488336424,0.4380972832555763,9.34416947768653,0.7188500711753649
425,0,Car,18.164024248936233,48.16767938556544,30.00365513662921,1,0.1924748207366564,1.6499964276488754,10.001444154948317,0.622900158765392
426,0,Car,12.099064519579386,12.592640221856273,0.4935757022768872,1,0.3854871293500936,1.4704932587001878,5.117822031078401,0.039195569283415096
427,0,Car,20.559135221689637,27.339480084445583,6.780344862755946,1,0.47496059157246684,1.7477609157246636,5.065881886367052,0.24800562563051554
428,0,Car,24.524575858143223,59.17258964688377,34.64801378874055,1,0.28016029155495537,1.80445819436997,14.337340256463861,0.5855416164055823
429,0,Car,28.130647846678386,68.74813580426756,40.61748795758918,1,0.2382728739444737,1.836136747888947,8.733654181431254,0.5908158451486016
430,0,Car,17.53548692168258,42.46293333717993,24.927446415497354,1,0.20014720251443477,1.4436601350096239,9.234050946565473,0.5870401419882889
431,0,Car,27.45805118827609,75.7561495855993,48.298098397323216,1,0.2161535042909123,1.3677380257454734,15.41508909028672,0.6375469009647811
432,0,Car,9.23147161609588,9.593708972263377,0.36223735616749764,1,0.6094339292892884,0.3523979528595254,2.1291093319978747,0.037757801202305756
433,0,Car,18.25029092649389,57.67712680111608,39.42683587462219,1,0.2596445271586528,1.7795900543173053,9.438005178465176,0.6835783621915658
434,0,Car,7.247751377243228,49.74372552276389,42.49597414552066,1,0.2396814033947703,1.2388452689298473,3.3607385537399077,0.8542981792964726
435,0,Car,26.41447277020941,936.3475832812455,909.9331105110361,1,0.26766875206139923,1.3952960027485324,10.291536419301837,0.9717898852500424
436,0,Car,6.035946180769905,40.865514704135904,34.829568523366,1,0.2112290580098834,1.4864640773465112,3.173672644221206,0.8522973165890647
437,0,Car,26.621708708404,65.91320573450136,39.29149702609736,1,0.3632021517256195,1.7974757379349857,12.343049368536642,0.5961096352127623
438,0,Car,15.775702953085645,71.71532659023717,55.93962363715153,1,0.4116298785967517,1.684356514387006,6.376564747748632,0.780023271131094
439,0,Car,7.193994885940677,24.023338223578364,16.829343337637688,1,0.2274784224025565,1.5734778448051139,2.790952331663557,0.7005414143951096
440,1,Train,40.426823851205796,32.0787233559772,8.348100495228593,0,0.5927804865949784,1.7154426577299853,14.336884962984778,-0.20649904444520434
441,1,Train,29.057521472107922,26.773718230432067,2.283803241675855,0,0.7440712161527128,1.9822950087126587,6.750089270581733,-0.07859594094658277
442,0,Car,39.19867702148728,113.50593778635084,74.30726076486357,1,0.3010528970248239,1.8633205980165495,21.23387749383127,0.6546552736714983
443,0,Car,54.69913619649315,54.829474104256775,0.13033790776362508,1,0.6450996797985765,1.9835093595971527,17.831909330625518,0.002377150426717408
444,0,Car,10.697499116777367,41.06216618049533,30.364667063717967,1,0.26139019647931266,0.714659797652875,5.481659488080639,0.7394803997978384
445,0,Car,24.418090863897227,70.35902566971708,45.94093480581986,1,0.464346502069731,1.8990290137982067,7.611109511583064,0.6529501278411405
446,0,Car,35.504857438985226,59.55231944882048,24.04746200983525,1,0.6857375738114608,1.6262010984152817,9.749240552441123,0.40380395310214146
447,0,Car,26.439530585306642,73.40468989077212,46.96515930546548,1,0.2958391302143685,1.938585260428737,14.139955611961511,0.6398114258823343
448,0,Car,27.279801348448853,72.3067749569102,45.02697360846135,1,0.20586197142085833,0.01312898094723891,6.534400093227769,0.6227213651181965
449,0,Car,13.84950705528295,16.417653535446576,2.568146480163625,1,0.34250723149703977,1.788521746986184,5.255808484794086,0.1564259152270976
450,0,Car,8.496806357462367,19.853930733482102,11.357124376019735,1,0.5464596051138761,0.3534010700759173,2.13010796300024,0.5720340484953357
451,0,Car,47.18884158703814,53.136194384650366,5.947352797612226,1,0.8041543447046815,1.7950441262729089,11.747992833758994,0.11192658538094813
452,0,Car,25.454855077552725,42.81420992589223,17.359354848339503,1,0.22642322375755702,1.182819482505038,13.847777694752935,0.4054577879257162
453,0,Car,19.484004748515755,116.9933917248036,97.50938697628784,1,0.7825448685956711,1.9554492457304473,5.6990852803370515,0.8334606385773754
454,0,Car,12.09700658559795,71.5525055360615,59.45549895046355,1,0.29634622471524696,0.9050898164768316,6.47608345321367,0.8309352482492562
455,0,Car,27.08832024941903,37.15437189889206,10.066051649473028,1,0.3161353392504086,1.4585782735035393,12.394002545419207,0.2709250926611196
456,0,Car,38.75316004450209,78.42406295171166,39.67090290720957,1,0.7323041920462369,1.6736298454566325,11.451405727899344,0.5058511560620914
457,0,Car,21.684158598474664,61.84052110878915,40.15636251031448,1,0.6422203418615897,1.22758456124106,8.008995688148762,0.64935355961299
458,0,Car,12.269086139237475,30.21878227792282,17.949696138685347,1,0.26394844223076835,1.9222822948205118,6.179449810825418,0.5939913783951183
459,0,Car,21.072880375211987,27.760748428762618,6.6878680535506305,1,0.2644639398973915,0.840455959931594,7.260045464967843,0.24091094196226356
460,0,Car,11.949683822694404,15.382996053408998,3.433312230714595,1,0.31673317340664153,1.519551115604427,5.8784436631514465,0.22318878707335718
461,0,Car,14.310724778852526,162.8810796261286,148.5703548472761,1,0.5418073573061453,1.647582572299439,4.2596007611149584,0.9121400422215961
462,0,Car,15.862980322406258,51.4256769436121,35.562696621205845,1,0.6353310473929308,1.7249661895717232,3.5836609790143705,0.6915357995228745
463,0,Car,26.71081600244965,77.14901719910094,50.43820119665129,1,0.5543676951577988,1.9946675204207966,7.778016879053436,0.6537763283034936
464,0,Car,39.56875665885844,52.737558725307956,13.168802066449516,1,0.31337326139604776,1.551987091168385,19.859226808291943,0.24970443048077626
465,0,Car,8.652405849511489,39.491907960357025,30.839502110845537,1,0.4298446439725599,1.6430867626483727,4.09532190050765,0.7809068668397335
466,0,Car,26.970972209286295,80.70797528928955,53.737003080003255,1,0.288229163609137,1.4340318848121822,9.707123865665112,0.6658202350807144
467,0,Car,19.32999734270911,108.069060641369,88.7390632986599,1,0.19641118470295077,1.7356421293726847,3.9410633652816602,0.8211329197460466
468,0,Car,27.13067603334595,35.35813522441302,8.22745919106707,1,0.2832724858103953,1.8810569905402637,13.71160879862536,0.2326892846256898
469,0,Car,24.570834047535207,25.482360455223343,0.911526407688136,1,0.19866639650796353,1.0833439310053092,13.554723138143073,0.03577087802716849
470,1,Train,51.300134631132245,35.80731896976428,15.492815661367963,0,0.5985284056210214,1.9565668112420427,17.292958413115354,-0.3020034113510088
471,0,Car,35.810083499506185,92.98342677368298,57.173343274176794,1,0.3158254678333465,1.7262628927778199,19.255844084112958,0.6148767071505534
472,0,Car,26.222177668272902,48.420434917583364,22.198257249310462,1,0.287284533750064,1.360018378333419,10.378913206605024,0.45844811776462174
473,0,Car,28.39368755986095,130.66386175636774,102.27017419650679,1,0.23524934673398634,1.465348257957296,14.61491921837466,0.7826967060501928
474,0,Car,43.89370750205693,67.69665716215387,23.802949660096942,1,0.7242398326931357,1.8488138871816961,11.110405719786991,0.35161189130922244
475,0,Car,4.577885687265941,50.09658523822313,45.51869955095719,1,0.33599945786349883,1.6144866104846658,1.6745531876722415,0.9086188077391537
476,1,Train,41.59393108680103,41.593292988922684,0.0006380978783440128,0,0.4638838733043936,1.9851624932175769,16.86027373438641,-1.534112938285124e-05
477,0,Car,18.8510161453329,70.59935109621078,51.74833495087788,1,0.1833194908446195,0.7777596605630802,10.952126096801907,0.7329859856694253
478,0,Car,29.638210292916238,52.96176869467877,23.32355840176253,1,0.2854135685840349,0.0,15.821152834661317,0.4403848092049448
479,0,Car,27.70739402683571,989.3689897869984,961.6615957601628,1,0.3302657234629038,1.782366815641936,10.611378482349664,0.9719948832914191
480,0,Car,44.27078648715018,68.57826037256478,24.307473885414602,1,0.2729185105497207,1.8499084036648092,23.481865346909405,0.3544486802867192
481,0,Car,80.80971323783366,109.17003575638637,28.360322518552707,1,0.7778834131273951,1.849914870012775,21.98388538233446,0.2597811965715478
482,0,Car,5.857440523531162,55.54226421999154,49.68482369646038,1,0.4448745393052713,1.3217436928701807,2.337881792555756,0.8945408401009538
483,0,Car,25.3953338130961,71.91252872363974,46.51719491054364,1,0.311129175324939,1.718620116883292,14.17577094434414,0.6468580056377865
484,0,Car,18.412022904354338,25.169035348699122,6.7570124443447845,1,0.6217338632430054,1.9603985441433516,5.993058295769007,0.268465292798519
485,0,Car,18.12179004836021,74.54680860617027,56.42501855781006,1,0.41517924224770886,1.6266401408256965,6.4961210800507185,0.7569072320171697
486,0,Car,27.306365067239906,114.50211075072389,87.19574568348398,1,0.33323874531241826,1.4859734906248363,8.14445136602005,0.7615208585395682
487,0,Car,16.122729521380524,35.61322678381091,19.490497262430384,1,0.34348668408669436,1.5224519469556461,6.688120005012693,0.5472825414205486
488,0,Car,12.878325557697691,48.04525701664299,35.1669314589453,1,0.38301236639990077,1.5272122213330037,4.7832805412211705,0.7319542789991401
489,0,Car,8.814278406127581,65.55832348112104,56.74404507499345,1,0.3811996686335262,0.0,4.1854952560811265,0.8655505824723255
490,0,Car,23.673598276912003,44.9379829282526,21.2643846513406,1,0.4373019988362494,1.616250330229998,9.607032189846526,0.4731940168585457
491,0,Car,13.571462017840654,41.42311542268368,27.851653404843027,1,0.4320651684094533,1.7035141122729685,6.007658842181504,0.6723698379671174
492,0,Car,38.80893478413975,95.68396055544893,56.87502577130918,1,0.632977138300994,1.597856659611928,11.951853517490937,0.594405012513566
493,0,Car,12.302200932577117,33.49278172281636,21.190580790239245,1,0.3711287265379556,1.858517541535761,5.342464497267349,0.6326909769875442
494,0,Car,27.37167599455077,42.18378793496485,14.812111940414077,1,0.648805684998023,1.6229762199762774,8.191156927950642,0.3511328087285583
495,0,Car,40.01779039005464,82.04803928979834,42.0302488997437,1,0.6679556823859859,1.7618363647719708,13.15613055456343,0.5122639037270649
496,0,Car,56.27552419215595,113.21533297506662,56.93980878291067,1,0.5356542506341799,1.7490825021139325,21.87797535245918,0.502933721843582
497,0,Car,21.256302747465007,66.47821576595247,45.22191301848746,1,0.25134278984469266,0.9310245265631286,11.547133184095603,0.6802516056943928
498,1,Train,26.735771963081962,22.776036023333525,3.9597359397484375,0,0.3139996468194261,0.0,13.139568211789243,-0.14810628790581515
499,0,Car,31.499164266195926,112.46050660859714,80.96134234240122,1,0.37627305704311875,1.6819805995345547,8.57545855976952,0.7199091021719802
